map;nodes;exec_1;exec_2;makespan_1;makespan_2
warehouse-10-20-10-2-1.map;5699;15.79827680811286;98.61744006536901;1220522;5571
warehouse-10-20-10-2-2.map;9776;11.431330701336265;367.5698662120849;2386098;9772
warehouse-20-40-10-2-1.map;22599;160.1183677930385;2895.347203657031;9809842;22596
warehouse-20-40-10-2-2.map;38756;245.87002806179225;13517.638334341347;19146968;38593
empty-8-8.map;64;0.09777827188372612;0.013914275914430618;566;63
empty-16-16.map;256;0.10659289173781872;0.20938682556152344;5990;248
empty-32-32.map;1024;0.26522970758378506;3.160884667187929;56006;1018
empty-48-48.map;2304;0.6974426247179508;16.31900684721768;199206;2292
