nodes;exec_1;exec_2;makespan_1;makespan_2
5699;15.79827680811286;98.61744006536901;1220522;5571
9776;11.431330701336265;367.5698662120849;2386098;9772
22599;160.1183677930385;2895.347203657031;9809842;22596
38756;245.87002806179225;13517.638334341347;19146968;38593
